id,flair,title,body,comments,score,author,url,domain,comms_num,timestamp
1jr2kr2,Culture,How do children get to school in your country?,"I know that in many urban areas in many countries students can just walk or use public transportation, but what about in suburbs or rural areas?

In the US I grew up in a suburb with no public transportation and took the yellow school buses. My elementary school was only 1.8 kilometers away, but not all of the roads had a sidewalk or a space to walk. I wanted to try cycling to school when I was 11 but my mom said no. 

It was about 5km to get to my middle and high school. Many people started driving in high school or at least had a friend or neighbor who drove so they could get a ride. In some middle to upper class communities it’s actually considered “embarrassing” ride the yellow school bus during the last two years of high school.","The threshold might have chanhed since I was a kid, but back then if you lived more than 5km away the municipality would pay the bus fare for you, just regular city buses, or arrange a taxi if you lived somewhere without bus service. 

Otherwise, walking, cycling, or getting a lift from your parents. I remember skiing to school on days we had skiing in PE class, just because I had to transport my skiis to school anyway somehow. 

And kids around the age of 15-16 start to get mopeds and 125cc motorcycles, and cars at 18, so in the final years of school you get people driving there. 

But all this might be different in other places of the country, I don’t know. Hello, rural mountain area here.

There are buses that pick up kids village by village to bring them to school. They look just like any long-distance bus, except they're charted for this service.

There's one bus for the little ones, one for middle schoolers, and one that brings high schoolers to the nearest train station (some 25Km away) where they can take other connections to where they need to go. Though it is also very common here that high schoolers a) are boarders, and only go home on the weekends (for both academic and vocational high schools), or b) have their own scooter/car and drive themselves to and from school. Public transport. In rural regions, the municipalities work with the bus contractors to make sure there is a route that picks up kids from all the surrounding villages at an appropriate time. They are not specific school bus routes per se, anyone can use them, but they are mostly used for school kids. My lower school was a 3-5 minute walk through a safe area with only 1 street crossing on a street that almost never has traffic. It was practically across the street from my maternal home. So that was super safe.

My high school was a 15-20 minute bike ride from my maternal home, also a pretty safe area so no worries there.

University was easy to reach with public transport, about a 15 minute drive. There were multiple buses from the central station that all stopped at the different University faculties. These buses were always jam-packed. As a child, we walked to school, it was only a few kilometers from where I lived, and I went alone starting from the age of 7. On the way, I would meet my friends, and we would stop at the shop to buy a snack either a focaccia with olive oil, salt, pepper, and oregano, or a sandwich with mortadella. If I wanted, I could have gone by bike, but we preferred to walk. Today, not much has changed. People use cars a bit more, but weather permitting, children still go on their own and on foot.In high school my school was 45 km away from where I lived, to get there I used public transport. Big cities:

Public (primary) Schools: Mostly walking or public transport with their parents  
Public (Secondary Schools): Mostly walking, public transport alone some will go by scooter or bike  
Concertado (Charter) Schools: by Car (and pick-ups are a mess)  
Fully Private Schools: School Bus

Small Towns with rural areas: 

If you are in town mostly walking (some might use bikes or scooters)  
If you are in a more rural area or a town with no school: School buses for the bigger places/routes, in more isolated areas taxi students to school. Some might go in car with their parents if they also have to commute to town. The short answer is: public transport or walking.

Most people who have elementary school age children usually live in a walking distance of an elementary school or move somewhere where it's a walking distance to an elementary school. Almost every village/town with a population of 1k people and more has an elementary school and you can cross that town by walking in under 15 minutes. If the town itself does not have a school, usually the next one over does and you bet there's a bus or train route passing those towns where a bus/train goes at least once an hour.

Bigger elementary schools are basically middle schools as well, but some smaller towns might have only serve the first 5 years of studies, so I guess you could consider the second half the ""middle school"" and usually some town nearby has a school that has also that second part of studies.

High schools are usually located in ""county cities"" (I'd say 20k population and more, maybe 30k? I don't know for sure), basically one larger city in a ""county"", but you can get to that city usually in under an hour from any town or village in that ""county"". High school students usually take public transport to get there and back every day, if they don't live in the city itself. If the parents of the child happen to work in the city, I guess they'd take the child with them by car, if they use a car to get there.

You can get a driving licence at 18 years, which is the last year of high school, but most kids at that age do not have enough money to buy a car and run it and even if they did, there's also the parking issue, because parking is not free in the city centers and schools definitely do not have their own parking lots.

Most college/university level students also do not own a car. They live in dorms near the uni or in a shared rented apartment and visit their parents every so often by using public transport or just sharing a ride with someone else. Even if you take public transport, you'll probably get to your parents on the other side of the country in under 4-5 hours. Most people study in the nearest city offering an university though, which might be <1 hour away for some, but usually <3 hours if you really live in the middle of nowhere. In many rural areas, even though public transport is very limited, it's usually adapted to the school day so children can use regular public transport. In very remote areas with no public transport, there are school buses, but they aren't any particular design or style, as they are contracted. It can even be a taxi if there are very few students along the way to school.

Whether the county provides free transport (a school bus or public transport tickets) or not depends on a few factors like the age of the student, distance to the school and general safety of the road. Typically it's around 3km for young children, up to 5-6 km for secondary school. If it's less than that you typically walked or cycled. Kids in urban areas typically always walk or cycle to school from a young age. Some get driven by their parents, but you don't see the ridiculously dangerous traffic jams outside schools like you get in the US.

For high school (16 - 18 years old), students (or their parents) are generally responsible for journeys to/from school though exceptions can be made in cases of disability, if the distance is very long etc. Primary school, they are driven by their parents or walk with them if they live close enough. Depending on the parents' preferences, traffic situation and distance, some kids walk alone / with their friends for the last year or so, so from about the age of 10.

Secondary school they usually walk or take the bus. They're regular public transport buses, not dedicated school buses, in most cases. Though some schools do use contracted services if they're large and there's a high bus demand.

Some will still be driven to school by their parents if for example the parent is driving to work along that route anyway. At my school anyway it was considered a little bit childish to be dropped off though - making your own way was more independent and a fun time to hang out with friends before/after school. There are schools in villages, too. My village didn't have one, so I walked to a neighbouring village when I was a child, or went by bike when I was older. There was always a large group of children going from our village, we had a lot of fun.

And later when I went to a secodary school, I went by bus to a city. It's not a school bus, just a bus for everyone and children are among the passangers. I envied the classmates who could go by trains, I prefer trains, but it was never embarrassing to go by public transport, it's normal. We have public transport. And elementary schools in many villages. We dont have school busses here, kids just use normal bus or train like anyone else.

Our suburban areas are not as big as in USA and city planing is better. It means there is usualy bus stop you can use. Czech republic is quite small and densely populated and even rural areas are not really isolated. What is considered small village (less than 500 people) is usualy no more than 30 minutes away from the nearest town. And you'll cross two more villages on the way. :D Therefore, the buses can have circular routes and go quite often.

Owning a car and driving to high school is not very common. You can get your driving licence as 18 years old just in time for last year, but a lot of people don't do it because driving school is expensive for a broke student, not mentioning car price, gas and insurace. Switzerland, born 1993:

Kindergarten: walk. It was maybe 500 meters. Not sidewalks everywhere, but narrow roads with low speed limits and few cars.  

Primary school: walk. That was maybe 1-1.5 km. There where traffic guards to stop cars at the towns main roads we had to cross to get there. 

Middle school (age 12-16): bike and occasionally take the public bus when the weather was really horrible. That was maybe 3-4km in a neighbouring town. Some kids went by moped after age 14. That wasnt technically allowed by the school, but they just parked nearby. 

High school (age 15 to 18): bike to the train station, then take the train. 

In Kindergarten, primary and middle school parents would accompany the kids the first few time until they learn the route. After that we went on our own.

The going to school on our own and being unsupervised while doing so is seen as an important part of growing up. Its one of the reasons i wouldnt consider moving to a country that doesnt allow for this, now that we are close to the age where we will consider having kids.

Parents bringing their kids to school is generally frowned upon. Doing it by car is often times banned by the school. As all the traffic jams from parents driving there and turning around exactly when school starts is actually the biggest traffic related danger to the kids. If under 5km, most kids cycle to and from school. If under 1km, some walk. If over 5 ud take the bus or get driven School bus, walk or some parents drive the kids to school. In primary school they’re usually driven or walk if they’re closer until they’re old enough for the school bus. 

Some teenagers 17+ also drive to school themselves if they have a car, but it’s not that common. 

So basically people just go to school whichever way is handiest really as long as you get there lol Ireland. My kids walk, we live about a 15 minute walk from the school. Some kids cycle or scooter. Others are driven by parents or get the bus. In Dublin some kids get trains or trams to school. There's no universal method and it varies depending on where you live. I walked to elementary school. To middle school I walked to the bus stop and rode a normal bus. School gave back money for the ticket. It was 4km. To high school I had to ride 2 different buses. Having a car was a privilege. Also for elementary school (there's no middle now) every child living more than 3 km from the school has to have a bus ride provided Walking, public transport or parents drive them. In rural areas, usually a bigger village has their own ground school, so walking within the village or taking a short bus ride to the next one is easy and cheap for students. Some areas in Bulgaria have yellow school buses too.

But it’s much more common to walk, take a normal city bus or for your parents to drop you off. Some parents get a subscription for a taxi, or used to when I was a kid. As far as I know it has never been a major issue, since there are minimum public transport requirements anyway. We don't really have those types of school bus where I am.

How do children get to school? It depends, but I'd say the vast majority either by car with a parent (especially the further away they live from their school) or on foot (particularly if they live nearby).

We have pavements and most schools are reachable on foot,so at elementary and middle school most students walk.But there are some who live far from their school, and that is much more so at high school.

By the time they are old enough (minimum is 14 but many people a year or two later) quite a few students will ride to school by scooter.By 17 or so many of the richer students will be driving to school.

Cycling to school is very, very unusual here in the city.

Public transport is not great and few people use that to get to school.But if you live outside the city, you might take the train to come in every morning to go to high school... most of the smaller places around Palermo don't have their own high schools I think they mostly walk to school or use public bus or train if the distance is more than a couple stops. School children get cheap monthly passes for the bus. The youngest children like during their first year can be taken to school by an adult, maybe in a car if the family is well off. Now cars are owned by many people and I see a queue of them in the morning near a school. I don't know any deep rural areas. But in a town you can walk a km or two to the nearest station and take a transport for the remainder of the way. Where I am school is close enough that kids walk to their school. When they reach highschool, they may have to take the bus or the train. My brother's highschool was 4 stops over on the train line while mine was in my neighborhood and I could get there on feet in 15 minutes. His daughter took the bus to attend my old highschool. School bus, car, walking. Grew up in a rural area - school bus takes a tour every morning making a pair of laps in surrounding areas, about 5-10km radius max. Kids that were closer would just walk to the school. in rural areas they have these micro busses for kinds, most of them work ok, some of them don't and in some other areas they do not exist so we do see wews of children needing to walk 6 7 km back and forth.

In the small cities most of them walk to school ( some of the schools are close )

In the big cities, vastly by car ( in Bucharest mostly by cars and with idiotic parents that go even on one way streets the wrong way just to live them in front of the school )

Unfortunately this is the level of education, and I am concerned and it probably won't improve

Le: back in the 90s I was in school in DE and RO and I walked, even in high snow, cold, wind or super rain, you had to go to school. nowadays it snows 2 cm, chaos, everyone at home ... School busses don't really exist here. Kids walk or cycle (with a parent when they're very young, alone when older), take public transport or their parents drop them off. I think cycling is most common. if in walking distance, walk (or be walked for the first 1-2 years) if not usually the bus or per bike. Most use a bike or walk. Some 15-17year olds use mopeds or such.

Bus is also an option and free if your distance to school is at least 7km. 

I’m not sure but I think that if you have >7km to school but no public transportation you can get money for other types of transport. Not sure how that works for the underaged though. But the upper points were more important I lived my entire childhood in a small village with 500 inhabitants in the center of France, the closest ""big city"" (20k inhabitants) was 30min away in car, I would take the bus every morning to go to my high school at around 6:45 to get there by 8

Usually even small villages have an elementary school, mine had one barely 500m away from my place so I could just bike to it everyday once I was 6-7

My middle school was also fairly close in another village of 3k inhabitants so I could go there in bus or even in bike every morning

The high school was way too far to bike tho so bus every morning like I said earlier I live in a suburb in Spain. We do have a public bus nearby but the route doesn't go to the school. Most people who live too far to walk or cycle are driven by their parents. And even those who do live nearby are accompanied by their parents until at least 10/11 years old, the school won't release them to walk home alone before that. Same with public buses, children only go alone normally from secondary school at about 12. I mostly drive my daughter, we occasionally walk or go by bike if nowhere to go afterwards. In urban areas, schools are usually within walking distance or just a few bus stops from home. In newly developed districts where infrastructure is not yet ready or if the local school is not good, parents must arrange transportation - either by car or public transit. In rural areas, the nearest school may be in another village, and since not all schools provide buses, parents again have to find a way to get their children there. I live in a rural part of the Netherlands, I personally walked to high school as I lived right next to it. 

A lot of my classmates came from local villages and towns that did not have a highschool, so they just cycled the 14km to school (45-50min bike)

Always funny to see upward of 400 children from local villages all just arriving in a small city highschool.

I also know a few kids who have special needs (super genius) he has taken the bus to the major city every day for 3 years now.

And he is not the only 6year old who takes the bus unsupervised (it is rare though) UK

Walk with parents, yourself or get the bus. There is a growing trend of kids getting a lift to school but it depends on where you live It depends on the area (rural/urban etc.) and the distance from home to school.

Children in the towns or cities are walking or taking public transportation, either on their own or with parents/guardians. Some parents are also dropping off their children by car.

In rural areas, there is a school bus organized by local municipalities. Usually, there is one course in the morning and two or three in the afternoon, so the kids don't have to wait long after their classes. In Lithuania - most walk or use public transport.

I walked or cycled to school for 12 years. So did most kids.

There are some who get driven, but that's certainly not the norm. My elementary school was only a five minute walk away from me so I walked there. Then high school came along which was special ed so I had some sort of cab that was financed through the municipality that brought me to and from the school.

Most students bike to high school 15-45 min one way. When I was kid we just walked or ride bicycle to the school. I was 7 and the year was 2000. Few years later they introduced school buses I guess the government make a legislation requiring operating school busses in rural areas. 
The country is Poland. If you live close by, you walked and if you lived further away you would come by bike.
Nowadays a lot more children ate brought by car, but a majority still walks or cycles. Grew up in rural Ireland. It wasnt yellow but there was a special school bus that took brought us. In cities, kids seem to either go in the car with parents, take the bus, or cycle/scoot. Public transport. but in the village where I lived from the age of 14 there weren’t enough buses in the morning so most children went by bicycle in spring, summer and autumn I grew up in a small village of about 70 people and went to elementary school in a nearby town, about 6 km away. One of my parent would drive me and my sister there, at first our mom did it, then our dad started working there so he just drove us on the way to work. We went back by bus in the afternoon. 

My high school was in a town about 20 km away, and there was no direct bus line from our village that went there. At first my dad would drive me to the town where I went to elementy school and I'd take the bus from there. When he found another job in a different city, he'd just drive me to school because it was on the way. But there was also a period of time when I had to take two buses in the morning. The first one left after 6 and I arrived at school before 8 (I had to wait for the second bus for about 30 minutes). It was really long and inconvenient. I was also taking two buses home all throughout school, luckily there was barely any waiting time between them but it still took more than an hour to get home. After I turned 18 and got a driver's license, I could occasionally borrow my mom's car to go to school, which was a much more convenient and straightforward way go get there. 

My classmates walked, took the bus or train, were driven (or drove themselves after turning 18), depending on where they lived. Primary school: on foot( with an adult escorting  you )if you live close.


Using the school bus or by car.


High school: it used to be all the cool guys by scooter, the poor ones by public bus, now I see less and less scooters due to incredibly high insurances  Walk or cycle. Most villages have an elementary school and when kids reach the age of secondary school they can cyle larger distances. Back in my days kids from villages 10/15km away cycle together. When they reach the age of 16 some buy a moped. Nowadays lots kids have an ebike or fatbike. Here in Switzerland kids usually walk to school or use a bicycle. There's a school in walking distance almost everywhere and our streets are pretty safe (very low crime rate). There are some remote places in the mountains where they usually use a school bus similarly to the US. Primary school: walk or cycle. Secondary school usually cycle, sometimes public transport, scooters, e-bikes. Switzerland rural area here. 


They walk, they use a bicycle, they take the bus. In my country, we have lanes for bicycles, and sidewalks for pedestrians. And it's pretty safe. So far I know, we're not ashamed to not drive. But you know, teens always have trends and irrational fads. And cars are always a symbol of power.


However, it's true that some rural roads are too dangerous, as cars drive there like on a highway. In Primary School so ages 4-11 often they’ll walk with parents or get dropped off by parents on their way to work.

In Secondary School 11-16 usually they’ll walk or get the bus, some might get dropped off by parents on the way to work.

In College or Sixth Form 16-18 it will be the same but the ones who are 17 and have a drivers licence will just drive. When i was a kid, i use the bus by feet till mid school.   
Then in the 3rd grade school was too far and star using bus, and later scooter.

  
Today, due to protective parents and some laws, even in small place, parents+car is the norm.

  
Main difference when i was a kid u get out to school in the wild. 

  
Today a register adult should came to retrieve the kid. >In the US I grew up in a suburb with no public transportation and took the yellow school buses. My elementary school was only 1.8 kilometers away, but not all of the roads had a sidewalk or a space to walk. I wanted to try cycling to school when I was 11 but my mom said no.

These sorts of fully car centric suburbs are pretty rare outside of the US. You're able to get around with public transportation or walking, so kids do the same Vast majority simply walks to their local primary/elementary school. For secondary/high school, it's a mixture of walking, public transport and lift off parent. All my kids (8, 10, 12) walk (\~ 1 km) to schools now. If they select a specialized school later, they will go with regular buses. Growing up in a small village in Finland, dedicated school transport for kids living outside the village core. A coach type of bus in the mornings and afternoons or a minibus on days/grades ending at 1pm. I had around 1km walk to the bus stop from my house and 8km total to the village center. 

Now living in Malta my kid also takes a minibus. Many parents prefer to take kids by car although transport is free and traffic is incredibly congested, or even if they have only 1-2km to walk. Rural UK

school bus for under 13s (we have a 3 tier system) more than a mile and a half from the school,.

Over 13s more than 3 miles from the school you have to get either a school bus or use a provided pass on the service bus. The school bus tends to pick up farm kids etc. I think there is a distance ypu have to live from the bus stop to be eligible for the school bus but not sure what it is.

All transport is funded by the County Council.

If you live too close to get provided transport ppl walk, get the bus, cycle or get a lift from parents. I walked (about 2.5-3 km). After 4th grade (I think) we were allowed to bike. Before that (if biking) we'd have to leave out bikes out of sight from the school.

Occasionally took the bus (normal scheduled/public bus) Early Elementary for me was walking by myself (with friends) like everyone else from day one on. Why? Because I grew up in a socialist planned city in East Germany. Each neighborhood had everything you needed and you could walk anywhere in five minutes. 

Secondary school then after reunification - everyone from town took their bike or walked everyone else used the bus (reduced bus fare on a normal bus). 

Nowadays - in town more and more people take the bus or parents drive them. My own kids take the bike. At around 3rd grade by themselves. Lately my husband is walking our youngest to school - it’s a bit over one kilometer. She is in first grade. 
But my oldest goes to the same secondary school I went to. When I was there in the 90s the bike racks were over full. If you came late you couldn’t find a place for your bike. Nowadays there are literally like 30 bikes. It’s empty. But the parking lot before and after school is a mess. 

I teach in a village school and the kids walk or take their bikes or if they live too far the bus. The older ones ride their Simson (Moped). The school is 1km away, so we go on foot. I love it, love to accompany my kids to school. I can perceive the change of seasons that way, appreciate nature more. Croatia, most pupils have free year' tickets for public transport.

And if there aren't any available public transport, then schools organize buses.

But mostly in towns, elementary schools are nearby, so no need to organize any transport. From what I’ve noticed:

Netherlands Walk or bike, unless far away

Germany: walk or public transport or school bus (from age 6/7 independently)

UK: car unless 3 feet away, they’ll walk (sorry couldn’t leave it) Walking and public transportation. I lived in a small town and always walked (1.5 km to elementary school and 2 km to middle/high school). I started walking alone at the beginning of first grade. When I was little (under 10) I would be taken to and from school by my parents by car. Between 10 and 12 I would be taken by car and come home on foot. Over 12 I’d go on foot, by bike or by public transport. 

Both primary school and highschool were very close to me, my primary school was about 1 kilometers away and my highschool was 2,5. 

Kids that lived further away were usually taken by their parents as late as 12 but usually by 13 they’d just take the bus at least home. I had a friend who lived in a village 22 kilometers from our school and he’d regularly take the bus. For elementary most just walk or bike. Some are driven to school and that number is rising. You’re always assigned to a school that’s within walking distance. For high school most go to a school that’s in a city so they take the bus or train or get driven there. Some still live nearby (as I did) so just walk or bike. After they’re 18 a lot start driving themselves if they used to take the bus or train When I was a kid, most of us walked or cycled. Buses only ran from outer lying villages. I think now a lot of kids get driven by their parents. I grew up in Eastern Europe under communism, gas was very scarce and no one would drive their car on a daily basis. We all relied on walking, cycling and most frequently, tramways and trolley buses to get to school / work 

I now live in Switzerland and I used to drive my now 17yo to school on my way to work, until age 6-7 or so when he preferred taking the local bus so that he could hang out with his friends. This is perfectly normal here from age 5 or so

When he was 5, the whole class had an outing with a police officer who taught them how to cross a road safely. We even received souvenir pictures of it. It was a key moment of pride 

They were also required to bring a bike to school so that they can learn traffic rules towards age 9

Alpine skiing is also part of the curriculum starting at age 7 or so 

He’s now 17 and very autonomous with going to school and organizing his activities after school. I love that for him. Within a 10min walking radius he can get on a train, 3 different buses or a boat. And this is a small town of 16k inhabitants, part of a succession of similar sized towns

Driving age is 18. I plan to pay for driving school but I don’t plan on him relying on my car on a daily basis. I myself only drive it 2-5 times / month germany: depends on rural/urban and primary/secondary school. for primary in the same city, rural area,i walked or biked there. for secondary school, we had busses collecting in a 30km radius. in cities, i see lots of kids taking trains, busses, subways, trams, biking and or walking. concerningly a lot are driven around by parents as well My children walk to school ( elementary) ~1km

take the bicycle to high school
~ 3,5km

Or the bus to high school, if it is really freezing or raining. Mostly by walking or public transport. Students get huge discounts on monthly/quarterly/yearly public transportation passes and most cities and towns usually put more vehicles on morning and afternoon routes to accommodate for bigger need for transportation. Same applies to suburbs and rural areas, which are usually well served by public transportation too (busses mostly). Note that even in little villages there are usually small elementary schools (for up to cca 12 year olds), so little kids can walk and avoid longer travels.

Driving licences for cars are for 18+ so usually kids get cars in last years of high school if even, many just continue with public transportation.

Last few years electric scooters (either bike-sharing or private) became very popular for older kids. There are usually bigger docking stations in front of schools. US ... My Mom taught nursery school nearby so dropped us off on her way.

In high school after my brother went to college, I drove his car. I picked up neighborhood children (12 year school so little kids went too) and their parents paid me (gas money). 

In summer when my brother was home, rode my bike all over Houston to get to jobs. 

My own kids walked to elementary school. Serbia - mostly walking, some cycling, parents giving a lift/taxi if it is bad weather, or in larger cities public transportation. Depends on the distance. In my town, wherever you live, some elementary school is no more than 1.5 km from your home, so the kids are usually tied to the ""area"" of the certain school. Exceptions exist (if parents work closer to some other school, so they can pick the kids up, or if the bus line is good between the home and the school).

High schools are concentrated in the downtown, so the transportation means are more diverse (kids from surrounding villages also come to the town because villages don't have high schools, mostly by buses). Definitely depends on school, age, and region.

I live in a suburb close to a mid-size city. My primary school was only a kilometer away, so I just walked both ways. My highschool was in the city so I took one or two buses, depending on if I managed to catch the second one or not.

It's common for parents to drop their younger kids at school before work, I often see kids walk to school if they live close, rarely do I see them take a bus, though I did see them go back home on one more.

Highschool it was basically all bus or walking if you lived close. Well in Denmark it's by walking, biking, busses, trains or cars.

Sometimes a combination of the different things depending on where you live. In the UK where I live the local council authority who is in charge of allocating schools, tries to allocate a place to a child within 3 miles distance from their house. They deem this a ‘walkable’ distance and encourage people to walk if they can. 

A large amount of children walk to school once they hit around 10 years old. All schools have bike sheds, so lots of kids scooter or cycle in. 

Then the remainder drive in or get public transport. 

Children outside of 3 miles often get a free bus pass.

Some disabled or financially vulnerable people get assistance getting to and from school.

Unlike in America where they have a ‘drop
And go’ facility outside the school, most parents that drive have to frantically park on small narrow streets that are also often parking restricted resulting in problems In high school, I had a couple of schoolmates who rode train/bus everyday to school from another city (cca 20km) then took public transport from the station to our school. Our high school was kinda unique, that is why they attended it. It was ages 14-18. There are precious few places that don't have some kind of public transport, even when you're way out in the sticks (though their connections may have longer waits).

So, the answer is much the same. Most students will walk, bike, or use public transportation. Public transportation is more common in the cities and bikes are more common in the countryside, unless you have a long way to school, at which point it loops back to public transportation. 

Car is impractical, as you can't drive alone until 18 (and the earliest you can get a licence is 17, which legally requires supervision during driving). So, that requires your parents to drive you, and getting accompanied by them is considered embarrassing already in the early years (like 3rd grade, or something). Though, depending on circumstances, you may be able to get them to drop you off at the corner without too many comments, if you live far out and they are driving the same way anyway",25,Economist_Mental,https://www.reddit.com/r/AskEurope/comments/1jr2kr2/how_do_children_get_to_school_in_your_country/,self-post,123,2025-04-04 05:39:36
1jr2z3z,Meta,Daily Slow Chat,"Hi there!

Welcome to our daily scheduled post, the **Daily Slow Chat.**

If you want to just chat about your day, if you have questions for the moderators *(please mark these \[Mod\] so we can find them)*, or if you just want talk about oatmeal then this is the thread for you!

Enjoying the small talk? We have a Discord server too! We'd love to have more of you over there. Do both of us a favour [and use this link to join the fun](https://discord.gg/BTX7cK3R4k).

The mod-team wishes you a nice day!","After I don't know how many hours on the train and plane fuck me if I even know what day it is but GUYS. Japanese toilets have heated seats! And heated wash water 😭 my wasted years putting my butt cheeks on cold seats and washing my butt with cold water. 


I'm never coming back. Maybe if I can bring a toilet seat as souvenir. This weekend is a big 'Birthday Weekend ' (not mine!) ...so there will be lots of events, it's going to be hectic! Of course as it's Palermo pretty much every event will include eating a lot, I'm going to try and pace myself...

How are typical birthdays where you live? Do people usually celebrate at home? At a restaurant? Or do something different, some kind of activity for example? I see that an American citizen has been arrested by the Indian authorities for illegally visiting the forbidden island of North Sentinel (Andoman Islands).

The Sentinelese are highly protected, there are only about 150 of them still living there.

At least the American guy got away better than the missionary who landed on the island a few years back..he was killed and his body was never recovered. A few thoughts

1. Got blood taken out today. It's crazy to me that one's experience is completely dependent on who draws the blood. Luckily I got someone today that despite being young, was able to find the vein, insert the needle, and draw out the blood with little to no discomfort for me. The last time I donated blood at the local hospital the nurse couldn't find my vein and tried 3-4 times before finally succeeding. My arm turned purple and got swollen. 

2. I'm of Korean descent and it's kind of crazy for me to think about how Koreans have quietly taken over the instant noodle game globally. When I was young it was Japanese noodles that were popular but now they're a distant 2nd or 3rd. Seeing bootleg versions of the Buldak Fire noodles is a testament to this. You can find Korean noodles in every supermarket in the Swiss Alps, and that's crazy to me.

3. My wife suffers from severe pollen allergies. For that reason, I bought the biggest/strongest Air Purifier I could find. It works incredibly well! Philips 4000i Series if you're wondering. First world problem is that the air in your apartment gets so nice that as soon as you step outside it feels like you're walking into pollution.

4. The ski season officially ends for me tomorrow. It's got to be the most I've skiied since I picked up the hobby. Haven't counted the exact number of times/days I did it but I imagine it's around 40-50. No injuries is all I care about.

5. College sports in the U.S is spiraling into madness. One of the promising, yet still developing, players that attended my university just left to another school because he was seeking $1M+ in compensation (which is now allowed). They deserve to be paid, I have no issues with that. But it's kind of lame when ""student"" athletes are jumping ship every year in search of more money. I saw some pictures from Myanmar today,after the earthquake.Lots of destruction,inclusing many of the lake houses on Inle.Hopefully they can be rebuilt relatively quickly.A lot of local people have died,especially in and around Mandalay.

[Famous leg rowers of Inle](https://lh3.googleusercontent.com/pw/AP1GczOJqSTN-vkCbmhj_aM34lp3E65CTmgbNehPc1hQUHLV3bXHOI_SMELHebieQVAQyIOUV_XbEtNAGTnheyilkL3qAtvJT3graksY5Q4Au14t5r9JhXH8-8vtOS7Z6W8LwzyCbNOcA7esZ0M-8dLPTnQJ=w899-h599-s-no-gm?authuser=0)

[Lake houses and local people,Inle](https://lh3.googleusercontent.com/pw/AP1GczMxSZ6XkaJcH7oCDFYt57-GbTJnf0GHjjL1wAMNARDSbu_5Rw7jUzt5xkLSUh4dQELIM_waBIkdcf0EqBmK_gDkxfIe8Xe-trksaxkzS2_17FMvZFeEsGt_xaf5hzfsm8-_pGkHCDRsaE_QXoHmblcK=w899-h599-s-no-gm?authuser=0)",7,AutoModerator,https://www.reddit.com/r/AskEurope/comments/1jr2z3z/daily_slow_chat/,self-post,17,2025-04-04 06:01:54
1jqdwmm,Misc,Do you have water restrictions where you are?,"Here in Catalonia, despite recent heavy rains, we haven't had park and plaza ornamental fountains on for a few years. Showers at the beach have also been disabled and most grassy areas in Barcelona haven't been watered, leaving them quite brown (although the aforementioned rains have really helped here).

I'm curious to know where in Europe people have also had these restrictions, or others? I'm not even sure if other parts of the Spanish State have had the same restrictions.","No we got plenty of water here with all them lakes, rivers and a lot of ground water.

Tap water is as good as bottled water, and is practically free (1-3€ per 1000 liters). In very dry summers, some municipalities have to ask their residents to conserve water. But its always temporary. But from what I read, this isn't necessarily because there is _no_ water available. Usually it is small rural municipalities, that have a water network without much redundancy, and if their main water source runs low they have no backup. Small municipalities don't have the budget to build everything to twice the capacity just in case. 

Vienna on the other hand never has to worry about water.      
In the late 19th and early 20th century they built viaducts bringing water from springs in the alps, with so much capacity that today they still cover almost all of the water usage. There are other sources as back-up.      
Another big advantage, as the water comes from the mountains, it's all gravity fed. Even in a city wide power blackout, the vast majority of households still have fresh water. Brown grass in early spring? Half of the ground is still covered in snow here in Finland. So no, I've never heard of water restrictions. We SHOULD in many places, but we rarely ever do, because regime ass-kissers often live in such places and they NEED their pools and soft green fresh lawn. Not generally, no.

We have had water restrictions and hose-pipe bans when there's an occasional dry summer because there's comparatively little water stored in reservoirs in Ireland. No need, usually.

It's a bit like how Ireland deals with snow. Yeah, it'll snow once every 10 years and be mildly inconvenient for a few days. But it'd be ludicrously expensive to maintain fully capable snow facilities for the intervening decade. Here in Portugal - no. We have had a lot of rain over the winter - all the land around me is still flooded or at best a bog! In summer restrictions are getting more and more common due to climate change. They are not very strict, but mostly things like not filling up swimming pools, watering gardens etc. Umm, no but it has happened even here 🏴󠁧󠁢󠁳󠁣󠁴󠁿 (Scotland not Tenerife) No. We’ve had regional restrictions (hosepipe bans) during drought periods, but this is not a regular or prolonged scenario During periods of drought a pumping ban may be instated for certain vulnerable waterways, essentially banning farmers from pumping up water from them to irrigate their fields.


The government will then also ask the citizens to conserve water by not watering gardens or washing cars with tap water. Using rainwater is fine, and for some years now it has been mandatory to install a rainwater tank in new construction or major renovation. Water shortages are usually only local and temporary. There are a few smaller villages that are not connected to the central network (pipework sounds funny :)) and rely completely on their own wells. Some summers are worse and wells don't get enough replenishment. The municipalities then bans watering gardens with tap water and filling swimming pools, but it is usualy like 3-4 weeks or so. Im from CyL and here farming had water restrictions the last couple of years when we had a drought, the open air swimming pools where opened a bit later than usual and there was ads talking about not wasting excessive water but other than that no. No, we source our water directly from Lake Geneva, which has the equivalent of three times the amount of fresh water stored by all dams in Spain  We sometimes get advisories to use less water on unnecessary things like watering lawns or filling pools if its been a particularly dry summer and there could be a drought risk I believe. Not really, in most of Slovakia we even use pure drinking water to flush the toilets. Only in rural areas there are sometimes issues with higher concentration of nitrogen particles are present, such water sources are not recommended for drinking, but its save to use in household and garden (washing clothes, cleaning etc) No I live in England and it just rains all the time. Today’s looking quite nice though! I haven't heard of any long term restrictions, but temporary restrictions during a dry period in summer can happen, though kind of rare.

Also I think our climate is much more humid/wet than most, if not all places in Spain. There are occasional local restrictions in especially dry periods, when the use of hose pipes to wash cars and to water gardens is banned. They generally don't come in just because it's hot one summer, but because there has been a long period of lower than normal rain fall. Population growth means that demand for water in England is expected to be more than what is available around about 2045, so we can expect a huge civil engineering project to start in a few years time, running enormous pipes from northern Scotland to the south coast. No last year we had record rain fall even. Historically we also had to mainly deal with floods, so our infrastructure is even built kn getting rid of water and getting it into the sea ASAP. Which is not thst handy in dry periods. No - Northern France has had a lot of rain over the last 18 months - the groundwater-levels are high This is how we ended up. European countries having water restrictions. I miss the 90s.",12,atzucach,https://www.reddit.com/r/AskEurope/comments/1jqdwmm/do_you_have_water_restrictions_where_you_are/,self-post,39,2025-04-03 11:25:58
1jqj5jx,Foreign,Is NATO going to protect Denmark from having Greenland taken from them?,Is NATO going to protect Denmark from having Greenland taken from them?,"The dumbest thing is how an actual ""invasion"" might look like. According to an agreement all the way back from 1951 with Denmark and Greenland, the US can pretty much build all the bases and station all the troops on the island they want to.

During the Cold War, they had 17 bases and more than 10,000 personnel stationed in Greenland. Now it's 1 base and around 200 personnel.

So if they move in and start building bases and moving personnel to the island, it's basically just doing what the agreement already allows them to do, except they're causing a lot of completely unnecessary discord over it.

Then of course people will say, ok so the security concerns are bullshit, it must be about getting access to the minerals. But that's also bullshit. US companies can bid on all the mining concessions they want, but hardly any do, because mining in Greenland is not economically viable. It's not because they don't have access, it's simply because these minerals are much cheaper and easier to access elsewhere in the world.

They may become economically viable to mine in 100-200 years with global warming, but it definitely won't happen in Trump's remaining lifespan.

This whole thing is so dumb. If you consider Trump as a potential Russian asset, it makes a lot of sense though. Realistically, no.

There's a non-zero chance Trump does it, and if they do, NATO will collapse. That is why Europe needs to form its own independent defence system, and do it yesterday. Well, most of NATO Firepower consists of the US armed forces. Especially when it comes to power projection overseas.

Also, NATO Command structures are heavily populated by US officers.

I'm not entirely sure the logistics of this will work out.

Another question is whether or not the EU will protect Denmark, the answer to which will vary on the stakes, propably. In theory, if Denmark asks for protection then the other NATO members should help it. 


In reality though, it's hard to see it actually happening. Most importantly, it would mean a war between nuclear powers, and one of those powers is being run by an unstable lunatic. Even ignoring the nukes, a war would be devastating for everyone involved. Nobody would win.


My guess is that what would actually happen is the collapse of NATO, the US being ostracised by most of the rest of the West, and Putin being utterly delighted. 


Perhaps something like NATO might emerge from the remaining members, but it would be weaker without the US. Eastern European countries would be very worried at this point.


The US would find itself isolated, with only a scattering of authoritarian right wing dictatorships to stand by it. That might work for a while, but eventually a situation will come along where it wants help, and it will struggle to get it. France and the UK has already pledged troops in case of a defensive need. I saw someone come up with a genius plan, to have military exercises 'to practice against a simulated russia' in an arctic environment, and then keep it a rolling exercise with troops from other NATO countries continuously in Greenland for the next 4 years.🤷 The thing is that they cant really short term do much with Greenland. But the EU can short term inflict enormous damage on the US. Imagine when the EU decides that the US is the enemy because it invaded an EU member and decides all US transactions cant happen in Europe and they can forget about patents and copyrights.

The whole ""Trade deficit"" with the EU is kind of a lie, its in goods but in services the US is clawing it all back.

Think what would happen to Amazon, Apple, Facebook, Google, Oracle, Microsoft etc when they are unable to make financial transactions in Europe and EU companies would be free to copy anything they like from them.

TV and movies with no protection and no pay when used even in theaters or on public tv channels

The thing is that the US is pushing to see how far they can go before they get major push-back just as Trump does in business. The difference is that he decided to fight everyone at once and is about to get push-back that's not easily reversed Dane here. I think Denmark would not even invoke Article 5, as this would definitely kill the non-US NATO. How? The remaining nations do not have anywhere near enough power projection.


Hell Canada's only has 10.000 or so Frontline troops. Since NATO it's basically the euphemism for ""USA and it's subjects""

I don't think so. You mean NATO is going to protect Greenland from NATO? 🤣🤣🤣 As a Norwegian it's interesting (not in the fun way) to watch and consider how it might affect Svalbard. And the seed vault... I do feel for our Danish cousins, and more than anything the Greenlanders. Talked with my cousin last year about taking a trip, things change. No, but it would absolutely destroy the reputation of the US. And I doubt it will recover that reputation for decades.  This means a huge loss of influence by the U.S, a rejection of U.S culture, goods and services by most of the western world and the emergence of a new European led NATO style organisation with a military power to rival the U.S.

The end result would be devastating for America. A complete loss of political and cultural dominance. The economic threat of pulling Maersk from US ports is a pretty big hammer. It may not come to military. There's not a damn thing we could do to stop them, sadly. We in Europe and the UK have neglected our defence for too long. What Nato article is covering the scenario of a conflict between 2 Nato members.? Some might, most probably will do nore than what was done to Russia.

We for one will fight to the last man to defend our nordic bretheren, not out of idealistic loyalty but because we are so stupid that we'd rather fight a hopeless war than break an international treaty.

But yeah the USA will never invade Greenland. how are they gonna take Denmark from them when citizens don't want to be american? Invading Greenland (from a US standpoint) is like invading Alaska. You already got it but you clearly don't wanna play with it, so move on. [https://www.politico.eu/article/france-fm-jean-noel-barrot-floats-sending-troops-to-greenland-denmark/](https://www.politico.eu/article/france-fm-jean-noel-barrot-floats-sending-troops-to-greenland-denmark/)

[https://x.com/OJoelsen/status/1900710297779720347](https://x.com/OJoelsen/status/1900710297779720347)

The EU will. If it comes to that.

I really appreciate France right now as a European Same problem happened whith chypre, when 2 members of the aliance, namely greece and turkyie fought. 

moreover, trying to invade some iced wasteland is incredibly foolish. the US already maintain an base here, and it's stretching morale and logistic. trying to get control here, for futur artic sea ways is pretty much stupid, when there was no acces limit. If the USA invades Greenland it will be kicked out of all the bases that it has in NATO countries. That means that the USA will no longer be able to project power in the Middle East, Europe and North Africa. It will no longer be a global superpower. Which is exactly what Putin wants. If Greenland was invaded by anyone, be it a NATO member or non NATO member, then all of NATO is obligated to assist Denmark in repelling that invasion

I suspect that in reality it’s likely there would be talks first before any military action

But I know people in Greenland, and they have plans on how to resist an invasion I live in Denmark and there is nobody with a sound mind who seriously believes anyone will take Greenland. This a hype that has gotten way out of hand. NATO wouldn't be needed, Europe could collapse the American economy in hours, The Americans would end up killing trump themselves. Im not sure how many people realize. Greenlands coastline is more the 44.000 kms. Only about 60 settlements and 50.000 people are scattered across it. 

Greenland is completely and utterly indefensible. It would require the combined forces of the rest of the world to even have the slightest chance of keeping the US out. 

The same thing makes it completely ungovernable without the cooperation of the Inuit, which seems unlikely at this time. The Inuit are are a hardy, armed and brave people. It would be the insurgency of nightmares. Yes.  
Also if the USA attacked, it would trigger Article 8 of the NATO Treaty.

The EU member treaties also include a clause where member states of the EU HAVE to militarily respond to an attack on a EU Member. Which, frankly, is a stronger clause than Article 5 Pretty sure article 5 still applies if both nations are in NATO. The other members are supposed to protect whoever is attacked. 

NATO would collapse though and I think it’s very likely a lot of countries would do everything in their power not tog eat involved as even the combined forces of all other NATO nations could not defeat the US. legally we would have to but it would be horrendous. The way i see it these sanctions can be implemented for two reasons 
1 to prepare for an invasion of Greenland and thus already being sanctioned by Europe 
2 crashing the economy so rich American oligarchs can buy everything for a dime and after it recovers it becomes a Russia 2.0 Yea JD Wanz will nuke Washington DC if they attack Nuuk
Maybe only a dream? Thing is, if the US wants to take Greenland they can. We could fight to the last man or woman and the US would still win. It would be a pointless exercise, especially since we need to re-arm for helping Ukraine (and ourselves) against Russia. This two front war would lead to us losing both.

And so NATO would collapse. depents on the nation.

most would probably help, but I doubt that, for example, the USA would What do you mean? Denmark allowed Greenland to vote for its own sovereignty. As an independent nation that is NOT a part of NATO. NATO as an organization won't care.

Individual nations that are NATO members will certainly have opinions. But NATO. NAaaa NATO don't care. Honestly, assuming it even comes to that, it would be a mistake to directly go to War over greenland. 


With todays tarrifs, I don't see how they're going to put the economic nightmare back into the Box. Once americans start losing their pensions  they'll be angry and united. And they will see trump as the one at fault.


Invading greenland will boil the situation.


 They might hold it for a while, they may claim it to be a us territory,  but there's no reason to waste lives trying to fight a militarily superior enemy over a chunk of ice with 50k people and no immediate Strategic importance.


If the us requires aid, holding greenland will be a complete red flag until they give it up again. 

From there, we will see what happens. The us economy and wealth is built around beeing the leader of a globalised economy. If they lose that ability, they're rapidly going to lose wealth until they get to their true output. 


At the end they might stavilise at 30-50% gdp. They are not gonna take it by force. But imagine if they decided to give everyone in Greenland $500k to vote for joining the US... As an American, my biggest worry is that our troops will just fly down from Thule and claim Nuuk before the Danes even have time to respond. US forces outnumber and outgun Danish forces on the island right now, and we’re a lot closer to Greenland’s population centers than Denmark is. Denmark needs to move more troops into Greenland and make sure the US doesn’t move any new troops there. 

If Americans just march into Nuuk almost (militarily) unopposed, Denmark will never liberate it. At least not for a while. It would basically become Crimea. There might be some protests here, but overall Americans will forget.

If, on the other hand, Denmark actively defends the island even just for a few days, US troops will either refuse to fight or the news-media will be plastered with videos of an active firefight between the US and its ally, which might be able to cause enough of an uproar to stop the invasion and maybe even impeach Trump. We’d be international pariah’s either way, but at least Greenland would be free and America wouldn’t be **actively** endangering Europe and Canada.

Maybe over the next few decades we could even build back some trust, although we’d certainly never reach the closeness we once in our lifetimes. Yes.

Stop attempting to fearmonger. This is beyond pathetic. I’m not sure if the NATO contract covers the traitorous act of one member attacking another They better do, because otherwise the world as we know it will collapse. Why?

Because insane leaders then know they can do whatever they want. They should, thats why NATO exists, if they don't then NATO is a failure. If USA takes Greenland NATO Europe should steamroll Kaliningrad, Moscow St. Petersburg and Belarus and then mercelessly weed out/labor camp all Z supporters. Denmark doesn't OWN Greenland.

They can conduct a referendum and choose which country they want to go with. Denmark, USA, China, Russia, whoever offer a better deal. These issues need cooperation. His approach is counterproductive 
 to the utmost degree. If he does not show he's capable of mending fences rather quickly. There will be major blowback even from some of his supporters. Your always going to have zealots on either side. Finland thank you for joining NATO. I think your president is the global leader we need at this particular time.Sisu

 Northern Sea Route (NSR), the Northwest Passage (NWP), and the Transpolar Sea Route (TSR) 😂😂😂

Is NATO protecting Greece from getting islands taken by Turkey? 🙊

Or any other state inside the NATO? No, NATO will cease to exist when the US attack Greenland/Denmark. But the EU will stand by Denmark and you will see Norway, UK and maybe even Canada trying to get (back) in asap. They are willing to. But Canada is the only nation able to do anything if America sets up a naval blockade. So there's not really anything NATO CAN do Yes, NATO will. That’s the purpose of NATO. If it fails, NATO FAILS. Some puppet is going to start an independence movement in Greenland. The US will acknowledge their independence, then US corps will move in. The current administration wants to be able to control Greenland, not occupy it. Who actually thinks this will happen shouldn’t be able to have access to the internet The short answer is : No.

Reasons : the USA are both closer and unfathomably more equipped, trained and ready for force-projection and logistics.
The local population is 50.000 ; mostly in Nuuk. So basically no chance for any insurgency.
If the US military takes Greenland, there’s no physically stopping them.


It will, however, be the death of any alliance with the US for generations. At that point it will make China the most reliable partner on the world stage, for every single industrial or post-industrial nation. It will make the US slide towards complete international pariah, an overinflated rogue state, that everyone else will nip at. Economically, informationally etc. Almost certainly not in the way you'd think (or hope).


I think that NATO, as a single entity, will be entirely incapacitated due to the de-facto head of NATO being the US. NATO can't fight itself, it would be extremely stupid and would likely lead to the dissolution of NATO.


Individual NATO members will not fight the US either.


What *can* happen is that members of NATO or EU team up to *show support* for Greenland and Denmark. This can be politically, e.g. like the sanctions against Russia. It can also be something like sending people/politicians/troops to Greenland *before* the US makes a move. The latter is problematic, though, as it would divert Europe's attention away from Ukraine. I don't think that NATO countries from Europe would fight the US over an island with 50,000 people that is 3,000 miles from Europe. The effort it would take to defend Greenland from the US would deplete so many resources that it would open the door for Putin to sweep across Europe from the West. With that being said I do not think the US is going to take Greenland by force so I don't think this will be an issue. Not directly. Europe at this time doesn't have the resources to keep Russia in check while risking a war with the US. Greenland has a strategically important position and some valuable resources, but still, it's big cold rock with 50K inhabitants. Good luck convincing the public that we should start a shooting war with the US over it.

What I would expect would happen would be an expulsion of US troops out of Europe proper and the rest of NATO would treat the US as a direct security threat. An economic fallout would be fairly certain as well.

Things may be different when (and of course if) Europe has completed its defense reforms. First, there will be no need to ""protect"" Denmark from having Greenland taken from them. Just not happening. 

If for some reason, ""NATO"" did have to ""protect,"" Denmark they would be screwed because NATO can't field a team. NATO's expeditionary capability is next to zero. NATO's relative naval capability is practically as bad as their expeditionary capability and the logistical capability makes the other two look like a positive. 

All in all, I don't recommend even wasting any brain cycles thinking about this scenario. Bad news, no... Not really. In a similar way we would not be able to protect Canada if US tried to annex them. It's too far away for any fast responses and US, sadly, unlike Russia, has the logistics for a blitzkrieg seizure. Remember the 3 day special operation? Ukraine would have been under Russian control if they had succeeded with it, but they didn't. US is another matter entirely. Although there is the question of loyalty. As in, are the US soldiers going to attack their former allies just because of some Trump ambition? Idk. 

The only thing I do know is that taking Greenland would force Europe to arm really fast, since it would mean a declaration of war from the USA. Countries bordering Russia would build trenches and mine the whole border, locking Russians away the same way it is now in Ukraine. Big question and unknown would be China. They will probably take over Taiwan and secure the seas around, but they are not friends of any side in this conflict. They don't particularly like Russia, just take advantage of the sanctions to get cheap resources. Not a big friend of USA either. Nor Europe, so only Xi knows what they'd do. Maybe just sit back and watch the show. 🤷 No. The head of NATO Mark Rutte said he did not want to be involved in anything concerning Greenland. According to the Spineless & Morally corrupt Mark Rutte, Secretary General of the NATO: No, NATO is going to do absolutely nothing, he states it has nothing to do with NATO at all. NATO is already over now in practise.  When that happens it will be officially the end.  NATO works under the leadership of the US. Other members are not equipped to oppose the US.  Not in the next five years at least. An USAian asking? Because Greenland does not belong to Denmark and most people know this.

Greenland is Greenland and it doesn't want to be taken. And especially not by the USA, they've been very clear, the people of Greenland,  that they rather keep their cooperation with Denmark, despite the deeds of the colonial history still hurting. NATO is no match for the US. 


The only thing that could make the US stop and think is British and French nukes, and there’s no way the UK or France are going to commit suicide by nuke over Greenland.


Without nukes, the combined armed forces of the EU are no match for a single branch of the US Armed Forces. 


The US Navy alone has a bigger Air Force than the entire EU combined… not to mention that most EU Air Power is based on American planes, the strengths and weaknesses of which are known best by none other than the Americans.


So no. NATO firepower is no match for the US. NATO members can not intervene between two opposing members You mean NATO organization ultimately lead by the US? lol what a question. legally there is no obligation. Article 5 is only started when a non-nato-member attacks the alliance, when a NATO-member attacks another NATO-member article 5 is not activated. Don't think so since NATO Is basically US, at best some european would send some forces to kick some yankee asses. But the most realistic scenario would be that most European countries would just condemn the attack and proceed to either do nothing or, if they feel daring, impose santions, while others will probably bootlick the US (yeah, I'm looking at you Orban, Giorgia Meloni, Salvini(especially you two, wretched traitors), etc...) And why would that happen if Greenlanders want to be part of the US? Shouldn't they get to decide?

Trump already confirmed they're on board with it.

[https://www.youtube.com/watch?v=\_idBn2MnjTs](https://www.youtube.com/watch?v=_idBn2MnjTs)

(around 35 s he talks about Greenland)",558,THE_BIG_BONGO,https://www.reddit.com/r/AskEurope/comments/1jqj5jx/is_nato_going_to_protect_denmark_from_having/,self-post,432,2025-04-03 15:58:36
1jqhmsm,Travel,Where is your European summer vacation destination this year?,"

 Hi everyone, I need some inspiration on where to vacation this year.","I will probably move my table on the balcony so i can have dinner outside instead of inside my home Obzor, Bulgaria, 9km of splendid beach and not more than 30 degrees Celsius  in august. I'm heading to Porto in June, really excited to visit Portugal again, haven't been there since 2000. In summer: Cornwall for hiking.  
In autumn: South of Spain for some final rays of sun. We will head to Valencia, Spain for the first time ever. Planning to spend a week there. Is it worth it? croatia - islands & dalmatia, austria - alps, italy - dolomites, mallorca - tramuntana mountains, slovakia - danube & various mountains, hungary - danube, slovenia - julian alps and maybe albania, greece and norway.

edit: i forgot poland - baltic sea.

edit2: this is our plan for 2025... Greece, and then to Serbia where I have family :) (from the US) 5 weeks road trip in Austria, Slovakia, Krakow and Hungary.  Near Barcelona. Normally I like active holidays, but this year we said fuck it, let's just drink gin and tonics in the sun for a week Corsica, probably. We have to be in Paris for a few days and we fly to Corsica or go up North to Normandy (which is my choice, but the least popular in the family). Vlissingen, Netherlands. The kids are going to see the sea for the first time. Going into a mine in Sweden, that is about it this year and yes I live in Sweden. I think it is time to go north this year. Iceland or Norway maybe.

Or Scotland We're going to our family's cabin here in Finland. Everywhere else is too hot. We'll be going to Poland in the autumn though. Not this year, but last year me and the girlfriend went to Riga. Lovely city, with a surprisingly healthy beer culture I didn't know was a thing!

Very cool if you like history, both medival and cold war-era.

This year we're likely to not leave the country during summer and spend it at home or summer houses as we're doing South Africa over easter. Norway! My wife has been fascinated with the fjords since before I knew her, so I'm taking her on a cruise there for our 10th anniversary in June. Most expensive vacation I've ever booked but it's gonna be one of those once-in-a-lifetime things so pulling out all the stops. Larnaca, Cyprus in May. Cheap and delicious seafood. Lounge chairs with umbrellaa for €5/day. A bunch of servers wandering the beach taking orders for iced coffee. Hotels with views of the Mediterranean. Nowhere, because I've got three dogs and the cost of getting kennels for them outweighs taking a holiday. So I just relax at home, get some DIY done and spend afternoons birdwatching and drinking tea on the patio. 

Or dodging the rain and putting the fire on. I live where summer vacation are.
I work in summer vacation industry.
So I Will be at home. I've got two young kids, so Benalmadena is as far as we will get this summer, but eldest loves it there. 

Milan tomorrow for the marathon though 🏃‍♂️ I haven't been able to stand the heat in Europe during the summer for several years now. So I always opt for the north at this time of year. Not many people and cooler weather.

In previous years, I've been to Helsinki and some parts of Sweden, Estonia and Latvia.

This summer, it'll be Scotland.  
I'm thinking of Norway for the next few summers too.

However, I love visiting southern Europe in the spring and autumn. Travelling the Baltics & Balkans for 2 months starting next week! Estonian island Saaremaa and then Latvia, we always love to go there, want to explore some new places. And in May Poland, not sure if that counts.

I hate hot weather. When it gets too hot, we want to go hiking in Norway, but we'll see. Initially planned for French west coast and Granada, Spain but since a lack of time and money ( :(  ) it's only Spain now Norway, Lofoten in June, hopefully it will be nice and chilly Italy, Veneto region. They have some pretty nice resorts over there. People are also nice.  I am visiting Crete in May & Florence in July, can’t wait We went to Lanzarote (Canary Islands) in March and are planning to go to to the South-Eastern coast of Spain in summer.

We love Spain. The people, the culture, the nature and the language. Croatia as every year. I swear that country never gets old to me, I'm still excited every time I go. This year, I chose Hvar, which I never visited before (I have been on the island, though briefly, but not in the town). I'd also like to visit Scotland in the autumn, but I don't have anything planned yet. Wherever you go, do not use Airbnb. It's American. Use Booking.com. It is Dutch.  i don't take my vacation days during summer - it's way too hot and there's too many tourists.

I prefer to plan my days for autumn/spring. 

Nothing planned for spring, for autumn i'm thinking of Romania/Bulgaria. But it will likely be a quick decision closer to the date based on Ryan Air promo offers. 10eur flights are the way :) Armenia and Georgia for two weeks in June, though whether or not they're in Europe is debatable. Haven't booked summer yet, but I am currently in Riga having been in Tallinn all week I'm going to a festival in Denmark for like a week. World scout Moot in Portugal this summer, starts in Lisbon and ends in Porto. Germany - down to the Lake Constance area, then across to Annecy, in France, as a base for some hill/mountain walking. We’re going to northern Norway. I actually love warm weather so it’s not an abvious choice, but I also want to go somewhere I can take my dog with me and I also try to avoid flying just for fun. Later in the summer also probably a small bicycle tour in Estonia (without the dog). Warsaw for Justin Timberlake’s concert in June, and Greece in August. We (me and my wife) usually go to Greece in the summer, because we Romanians love Greece, but last year we skipped it for our honeymoon in Mallorca and Sardinia. While Mallorca and Sardinia are both amazing, and renting a car and visiting as much of the islands as you can is something we wholeheartedly recommend to anyone asking, we cannot wait for the day we’re on a beach in Greece, Greek music blasting from the beach-bar and we’re both having a cold glass of Mythos. I want to go somewhere but a lot of places are asking tourists to stop going over now so I don’t think I’ll be going abroad. My family members are heading to France for a week though. Bulgaria/Macedonia in a few weeks and Ireland in August! A weekend in Bruges in a few weeks and Norway this summer I'm thinking of Malta if I can't afford South Korea I would love to go to Italy or southern France where I can swim in the Med (can't because I am giving birth at the end of May so the timing's not great for that lol) Initially planned Carcassonne/ South Western France (my gf wanted to go to a place where there's sun - we were in Devon and Sussex last year) but since my gf gets a sunburn after ten minutes in the sun we'll go to Brittany, which is a compromise between sun and ""not too much sun"".

Ah we'll also spend some time in Lancashire in April. I’d like to go to Bavaria, lots of family I haven’t seen since I was a toddler Ksamil 🇦🇱 I have been watching videos from there since last year and I can't wait Cote d'Azur as of now. Thinking of Rome and somewhere in Greece or Cyprus as well. We're trying to make the most of travelling before our first child arrives in autumn :) I always head to Bosnia as I have family there. But I’m excited each time I go. Heading from the U.K. Denmark and Sweden😍Can’t wait to visit those beautiful countries I've already visited Stockholm and found it a fantastic city but now I would like to get to know Sweden more inland and traditional. Any suggestions??? Thank you Road trip in Tuscany in the early summer and then probably Iceland in the late summer In my own country of Sweden. Can’t afford anything special this year Corsica! Can't wait, 10 days of camping and tanning my ding dong  Beach holiday in Porto Santo island, Madeira Archipelago, Portugal 🇵🇹 🏝️ Galicia, Spain, technically spring. Driving 5 speed stick or electric Hearing to Crete end of April, not sure yet for this summer. I'm going in Lozère during May vacation, I think I'll do the Pyrenees great hiking path during autumn.

Sadly I can't afford to go abroad yet. Jūrmala, Latvia. Well, because I live there and can’t afford to go anywhere. I'll be going to some LARP Festivals in Germany with some friends, that'll be my two weeks in summer. My wife started a new job as a midwife and won't be able to take any Variation days during her probation period, but we are planing to do some road trips in the comming years. Mostly France (channel coast to the atlantic and towards the pyrenees), southern Italy, and to Poland and Czechia. I also want to visit the village in Western Ukraine were some of my ancestors lived, but that'll have to wait until the war is over. I live in Belgium and my destination is Belgium this year. In general, my goal is to always spend vacations within the EU, either in summer or in winter. Not a lot of money for trips this year, so I managed to arrange for a nice house for the summer, about 500 km north of Paris Heading to Europe for two weeks next Saturday. This summer we will visit Nova Scotia and PEI for at least two weeks, possibly longer. No trips to America at least for the next four years. I'll be visiting Sweden and Denmark with my partner and two teens.  
I love Sweden a lot, have been there quite often, usually choose between UK & Sweden on holiday. We're staying quite southerly, as the trip is pretty long as it is from the Netherlands.

In Denmark we'll stay in Lalandia, in Billund, as last time we were there I contracted COVID only 3 days into the holiday and we had to rush back home. So, this is a do-over. The kids are very excited for the amazing water park there (and we'll probably visit some LEGO-related things as well). Copenhagen. 

Quite charming city. Have been there twice. 

Now the first time ever with the baby so that now I ""must"" visit Legoland my gf and I wanna return to Vienna! I took her for the first time last year and she enjoyed the city very much. My favorite places for the last years… the Baltics! I'm planning to stay in Italy and go back to Abruzzo. Nice sea, beautiful mountains, castles, amazing food, reasonable prices. Still working on my itinerary. Got tickets to see Oasis in Edinburgh, booked two extra days to see the city. Some non standard recommendations. 


I love areas where you can travel fast between different nice places (towns, cities) with public transport. 


Options for this: 


1. Northern Italy. E.g. with Bologna as a home base. Great city, and in 25 minutes you're in Ferrara or Modena - also amazing cities. Also easy in reach of a day train trip are Padova, or Venice - where the train takes you directly to the old town in the lagoon. This is also cool in April and October, as you often get got weather already/still.


2. Mittelrhein. The part of the Rhine river between Koblenz and Mainz. You can travel with affordable boats on the river, and with regional trains (less than €60 for a full month) on both sides of the river. Cool landscape, some cultural places to hike up to, castles galore, and cute towns along the river such as St Goar, Rüdedheim etc pp


3. Belgium / Netherlands with cities such as Brugges or Utrecht. Also very short distances and great infrastructure  I think nothing beats Crete, Greece :). One of the best food, amazing beaches , hot weather, nice people and its still pretty affordable even coming from Bulgaria ;). Primary out at the terrace and in the garden, as usually. I went to Egypt, best for price, super crew, nice weather. I go to Italy for 3 days for a football tour, and maybe Malta or Cyprus for 4 days in early autumn. A trip to England: Manchester, Lake District and London Lucca, Italia. Never been there before but it looks nice. I‘ll probably stay at home (Salzkammergut) - maybe a weekend trip to Krakow since I found out there‘s like an almost direct train for quite cheap Don't have anything planned yet but probably Easter or Northen Europe Germany, North Sea coast, south of the East Friesian islands. We are going to Krakow, Poland this fall for a week. Pretty excited ! Provence with a bit of Cote d’Azur. Gonna be rough but I will try and manage. I would like to go in Sicilia, but I'll think it won't be for this year (money issues), so maybe south France, near the Gorges du Verdon or Ardèche. Staycation for the summer, but have breaks to Puglia, Tenerife, Paris & Majorca during the rest of the year. Amsterdam -> train -> Oxford (to visit the uni where my dad did some PhD work)

and maybe Paris or Berlin. Southwest Italy is amazingly beautiful. Can’t get rid of everything there Cool, I did the same in july 2019. Yerevan is very cool and the genocide memorial is very impressive! 

Georgia is also really great, good food, lots of nature, birth place of Stalin (Gori) is also worth a small visit. 

People of both countries are very friendly and hostile. 
For the night train, make sure to bring enough food and water. We had a very hot and restless night. Anywhere but Copenhagen. 

Have been looking a lot at Tivat. Going to Visby, during the medieval week. So not outside of Swedens borders. Montenegro, 3rd time lucky. First time we had to cancel due to unexpected pregnancy and second time it was cancelled due to covid. Nothing booked for this year but there is a Total Solar Eclipse on the 12th August 2026 we've booked for. Northern Spain is a far better area to watch from but we booked Salou where the eclipse will low on the horizon. When people start realising this is coming up, every hotel inside the eclipse path will fill up. We've booked a week all inclusive.

[https://www.timeanddate.com/eclipse/in/spain/salou?iso=20260812](https://www.timeanddate.com/eclipse/in/spain/salou?iso=20260812) I don't go anywhere during the summer months. Busy with work and there is plenty to do in Estonia in the summer. I mainly visit the coastal areas and islands to windsurf, in the weekends and the occasional weekday. Endless beaches, very few people, warm seawater (shallow, so 24 degrees is no exception). I do holidays abroad in the autumn and late winter. I was planning the US trip but changed it to Japan from apparent reasons.. I don't go on holiday in summer, but these are still summer destinations. This year I have 2.5 weeks in Barcelona + Andalucia (1w remote work) in April/May and 1 week food tour in Georgia in September. Central France. I usually went somewhere to the east of here for vacations, the only place in France I'd ever vacationed in was a weekend in Strasbourg and that was for family reasons. But last year I had some French stops on my road trip to Spain and finally realised that it's a great destination for someone like me who loves history and visiting old buildings lol.

Would've loved to go to Italy since I've been learning Italian for 2.5 years now with little opportunity to put it in practice. But I'll be going on a group trip with a small organisation so I'm limited to the destinations they offer, and the Italian trips all didn't have enough applicants Albania - mountains in Theth, some coast, plus UNESCO sites. Keeping it local - Scotland, the Highlands to be precise. Staying in France going bikepacking on the Velomaritime (french part of the eurovelo 4) Back home in France (expat in the US). 2 weeks of  south-west country side near Toulouse and Mediterranean shore (Argeles/Collioure). We (family of 4, 2 little kids) are going to Copenhagen in May, and Croatia in late September. Can’t wait!! I’m not European but I want to ask this. Are June crowds less then July crowds? It seems like in lots of Europe their summer starts a bit later The Island Vlieland. Cycling, walking, amazing beach, reading, laying in the dunes. 

There are no cars allowed on the island. Nothing decided for sure yet, but mostly just hiking and fishing around vast forests and rivers in Swedish Lapland, and some hiking and photo-excursions in the mountains bordering northern Norway.    
And occasional visits to northern Finland, just for some variety.

(i.e a local vacation in my case - just staying within just a couple of hours of driving) Can anyone recommend destinations that are nice with a dog? Mostly at home in the Netherlands and some in Switzerland. Not visiting Europe this year, but I'd like to go to Greece, But I'm also thinking of doing a trip by train to scandinavia. I'm going 4 days in France to visit family in May though. Italian lakes in August. Usually I prefer sea but looking forward to that as never been - Late May (not technically summer): Greece - Corfu & Paxos
- Early June: Italy - Lake Garda
- July: Slovenia - Ljubljana & Lake Bled (still TBC) Not this year but visited Andorra last summer. Can’t recommend it enough. No idea yet, all ik is that it's not going to be in Greece.

Maybe Croatia, we'll see. Primorsko Bulgaria,my mom wants to go to greece or albania on summer vacation but my dad has a beef with greeks and albanians for some reason and he doesn't want to go to neither of those countryes I will be in France in May and i hope to go to Lanzarote in September North of sweden

The rule for smart people is go south in winter to find warmth and to go north in summer to find chill Roadtrip in Sweden and Denmark with my wife and two small kids. (We're Norwegian). Safe and inexpensive. My kids will be happy throwing rocks into a lake while eating ice cream, excited to be in another country. One week in Mallorca would set me back two full monthly paychecks. Doesn't really seem like the Spaniards want us down there anyway 😀 Italy, I want to show my cousin it. He deserves it, I was there few times. Bruges meeting my friends there, go there every year now. Bosnia is my destination. Cheaper than most other destinations within EU. Quality of food is superb and people are welcoming. Rome in July. I'll go see a concert so I'll just stay a few days extra. Scottish west coast this year probably some big hikes up near Ben Nevis or somewhere nearby.

Last year was Sweden (Gothenburg to Stockholm). Gothenburg was nice and met someone my mother once did a house swap with in the 70's so nice to see the city 'as a local'. Liseberg was also really fun, I wasn't expecting much given it's inside the city but genuinely a brilliant park. The countryside was beautiful and everyone was friendly, ended up being at Lacko castle on Lake Vanern on Midsummer (big Swedish holiday) so that was lovely looking out in the sun across the water. Stockholm is a beautiful city, particularly with the islands and Vasa is a must see. 
Only thing, WATCH OUT FOR PARKING SIGNS, the rules are slightly crazy luckily there's a whole website to help you purely about parking in Sweden.

The year before was Croatia, started in Krka possibly the prettiest place I've ever been with the waterfalls. Then down to Dubrovnik in the old city, some of the islands. Dubrovnik is a wonderful city. Finally up to Split, saw the city but also went on a zip wire trip in the mountains which I highly recommend, and Klis fortress which was interesting and had pretty views. What surprised me was how good the public transport was, the latest I set off was 3 seconds after scheduled departure and I used a train, few buses and a few ferries.

And the year before that was Rhodes. Rhodes old town is nice particularly if you go at night and some of it felt more lived in, whilst some was touristy. Visited the valley of butterflies (actually moths but anyway) which was incredible. Lindos is a very good city, covered walkways and a spectacular acropolis. And one day was a trip to the island of Symi which was lovely as well. However this was 2022 with the heatwave (and a rental car with ineffective AC) so the hottest it reached was 46°C in shade, guys don't underestimate the heat, people frequently die in it.

I know I've blabbered a bit but thought I'd give my 3 most recent, all quite different. Croatia and Rhodes I suppose more similar but still pretty large differences. Also some of these places are getting quite tourist covered so as a general thing to anyone don't be that loud obnoxious one. It's much nicer to see somewhere for what it is and the people there. And one of the other things we always try to do when on holiday is to go to local restaurants instead the tourist ones, cheaper, better food and helping out people that have to put up with the likes of me. In Rhodes the home we were staying in (rented from someone while they were on holiday) was close to a little village and so we went there one night and it was wonderful, little winding streets with the seats on on the street and everyone that lived there clearly liked this one place that we went to and the owner gave us some free cheese because he hasn't had any tourists visit before and he refused to let us pay for it. Start of summer: Brecons
Mid summer: Cornwall
End of summer: Brugges 3 times spain (Seville, Fuerteventura and Fuerteventura), Spain is amazing ... although next year Greece for sure Italy and Croatia - basic but beautiful and with the right people I'll either be in the mountains or in the woods somewhere. Or possibly on a sailing boat in an undisclosed Fjord. Italia for 2 weeks, mid August. Love the country, love the people, I feel like home every time I visit. Not in Summer, but I’m heading back to mainland europe, after a 14 years hiatus, in a couple weeks.
Arrive in Madrid, roadtrip through extremadura, Sevilla, Cadiz, Tarifa.
Jerez for the Motogp, and back up to Madrid, this time going the eastern route through Castilla la Mancha, hitting Cordoba.
Then “local” visits in and around Madrid.
A well spent 14 days I hope. We're doing Eurocamp in Netherlands this year.  Really looking forward to it. Heading to Romania to do some wildlife photography. It’s not certain yet but I am thinking of having a Romania-Bulgaria(and maybe a little bit of North Macedonia and Kosovo) trip in August. I'm going to Italy in the fall. Summer will be spent drinking and hopefully working. Just moved from Croatia to Denmark, so I’m looking forward to a cooler summer, but I will still head back home for 2 weeks and chill on the beach. Summer or sea?


If we talk about sea vacation, then this year it will be Valencia, but I considered Albania as well. Last year I was in Montenegro and unfortunately cannot recommend it, in 10 years since I was there last time it got more expensive, dirtier and more crowded.


In addition to that I plan to go to Armenia in the autumn, there will still be ""summer"" temps, but no sea of course. 


Last, but not least - I plan to spend a not of time on my local pristine lake and hiking in the Alps and Bavarian Forest between which I live. I’m going to tour several spots in south/western Norway with the family for three weeks in August By car. Serbia-Croatia-Italy-Slovenia-Hungary and back in Romania.  With a few days in Split for some 🏝️ time. Dont have a European one planned, but going to Kyrgystan in Aug. That place is so freaking picturesque and will be spending the majority of time off the grid in the nature with horses.

Other than that will chill back home in Lithuania. I do recommend visiting at least for a weekend getaway, especially if you're tired of southern tourist crowds. Dont have a European one planned, but going to Kyrgystan in Aug. That place is so freaking picturesque and will be spending the majority of time off the grid in the nature with horses.

Other than that will chill back home in Lithuania. I do recommend visiting at least for a weekend getaway, especially if you're tired of southern tourist crowds. Dont have a European one planned, but going to Kyrgystan in Aug. That place is so freaking picturesque and will be spending the majority of time off the grid in the nature with horses.

Other than that will chill back home in Lithuania. I do recommend visiting at least for a weekend getaway, especially if you're tired of southern tourist crowds. Dont have a European one planned, but going to Kyrgystan in Aug. That place is so freaking picturesque and will be spending the majority of time off the grid in the nature with horses.

Other than that will chill back home in Lithuania. I do recommend visiting at least for a weekend getaway, especially if you're tired of southern tourist crowds. Prerow in Germany, by the baltic sea. Wonderful beach there Going from Sweden to UK to visit a family member who works there. Been to London before but this time it’ll be the ”other UK”. I look forward to seeing Birmingham, the Cotswolds and then Edinburgh.

Right after that I’m back to my yearly roadtrip to the mountains of Northern Sweden for some fishing and hiking with a close friend. Been doing it for more than 5 years in a row now so it’s become a tradition. Every year when we plan, we look at the maps and find interesting fishing spots, then we just decide to go there. It’s a really fun way of trying waters many do not fish in and it adds to the adventure.

The roadtrip itself is also part of the adventure. 15-18 hours of driving from the south to the North of Sweden. You see interesting places, eat in weird roadside restaurants, and just enjoy the exploration. To Belgium to see the 24h of Spa. Fair to say I’m hyped

Might go check Latvia as well but I’ve lived there and visited Latvia so often it’s not really a thing for me. Just a tradition to see how the area I used to live on changes. Due to this Estonia is also somewhat regular as I drive through it multiple times a year. We don't really do summer vacations, but we're going to Slovenia in a few weeks! It's been on our list of places to see for years, I'm really looking forward to it! 

We'll have two weeks there, I've been trawling the Slovenian subreddit for tips 😁 Three-- 1. Croatia (whatever beach town has the easiest flight) 2. Thessaloniki, Greece 3. Sozopol, Bulgaria. I’m visiting Poland, Slovenia and France this spring and summer! 😎🤩 I like summer hiking in Bavaria, Austria and Bohemia. Not a long ride for me.

This year's summer vacation is Japan, but I will do one or two smaller hiking vacations as usual. I'm visiting friends in England and I'll be taking the ferry instead of a plane. It's much more relaxing and better for the environment. Just lost my job. So… balcony, feeling worthless, and bike rides it is. Romania, they've got an amazing metal festival there during July, I'll be going with friends, very hyped about it. My family and I are going to an amusement park in Holland called Eftelingen, staying there for 3 days. Then we will go to Bremen in Germany for another 3 days. we are danish, and we absolutely love holidays in Germany, the past 3 years we have been there ( in different parts) can recommend :-) for the life of me, i wouldn't tell anybody – there are still some nice places around, but only a few though I'm going to Dziwnów (Polish coast) at the Baltic Sea for a week, but I will visit Zadar in Croatia for a few days and maybe some other place at the Mediterranean Sea in autumn 😉 Tallinn to see Kylie minogue tour, as she’s for some reason avoiding Dublin Planning of cruising the Balkan states (Kroatia, Bosnia, Montenegro and Servia) I'm thinking about Ireland but would like to drive and..It's seems hard. I know the best place there is, however not sure whether i want everyone else to know ;)",155,Commercial_Rope_6589,https://www.reddit.com/r/AskEurope/comments/1jqhmsm/where_is_your_european_summer_vacation/,self-post,459,2025-04-03 14:52:36
1jqfo1c,Politics,Can a citizen of one EU country vote in local elections in another EU country?,"The title basically, but a few points to clarify:

1. Let's call them ""EU Country A"" and ""EU Country B""
2. A citizen of ""EU Country A"" doesn't yet have a citizenship of ""EU Country B"".
3. They have decided to get a permanent residency in ""EU Country B"".

What is the general track to be allowed to vote in ""EU Country B"" in this case?","Yes, EU citizens have the right to participate in local elections and EU Parliament elections in other EU member states.

They don't have the right to participate in national elections or referenda.

You need to have residency, you must vote in only **one** country in a given election, and you may need to register to vote, depending on local legislation. [Art. 20, paragraph 2, sentence 2, lit. b TFEU](https://eur-lex.europa.eu/eli/treaty/tfeu_2016/art_20/oj/eng) provides:


> Citizens of the Union shall enjoy the rights and be subject to the duties provided for in the Treaties. They shall have, inter alia:
>
> (b) the right to vote and to stand as candidates in elections to the European Parliament **and in municipal elections in their Member State of residence, under the same conditions as nationals of that State**;


Detailed arrangements are laid down in [Council Directive 94/80/EC](https://eur-lex.europa.eu/legal-content/EN/TXT/?uri=CELEX%3A01994L0080-20130701).


Of course the closest level details are always laid down at the level of member states. In Ireland, any resident can vote in local (council) elections. Doesn't matter what citizenship you have, you just need to live in the area.


For general elections (to the Daíl/parliament), only Irish or British citizens who live in Ireland can vote (Irish citizens can vote in UK general elections if they live there)


For EU elections, any EU citizen living in Ireland can vote


For presidential elections and referenda, only Irish citizens living in Ireland can vote. In some elections. My partner is German, he has residency in Czechia. He can't vote in Czech parliamentary or presidential elections. He still votes in German Bundestag elections. He can and does vote in Czech municipal elections and EU Parliament elections. In local election, but not in provincial elections in federate states. Therefore EU citizens cannot vote for the mayor in Vienna and I guess Berlin or Hamburg(someone correct me, if I‘m wrong about the latter), because both are not only city mayor but also head of a federate province. At least in Vienna they can however vote for the (politically meaningless) city district council. Timely question, we have local elections next week.

Any Nordic or EU citizen who is a permanent resident in a Finnish municipality, 51 days before a local election, can vote in that municipality's local election.

Any person who is a permanent resident in a Finnish municipality, 51 days before a local election, and who has been a permanent resident in Finland for at least two years without interruption, can vote in that municipality's local election. Under Swedish law you are automatically added to the electoral rolls for the municipal(kommun) and region elections in the municipality and region you are a registered inhabitant of.

This applies to any citizen of a EU country (including all Nordic countries), or non EU citizens after 3 years of residence.

As for the parliamentary elections, you need to be a citizen. Depends on ""Country B""'s laws.

For example in Poland, EU-citizens can vote in local municipal council and mayor/city president elections. In Sweden EU citizens can vote both as a national of their home country and in the Swedish elections to the EU Parlament as EU citizens. It is not allowed in theory. But it is totally up to the individual, giving them in practice more than one vote. Yes, and Lithuania permits any foreigner with permanent residence permit to vote and stand in municipal elections (except for standing for mayor). So as far as I know, they can vote in mayoral elections after a certain time of residence but I don’t think that’s limited to just EU citizens but rather is the case for foreign residents in general. Yes you can, but you need to register to vote.  I missed the deadline by two days to register to vote in local elections for Bucharest, which took place a month later. As an Austrian citizen living in Germany I can vote in local elections like the mayoral election for example and EU elections, just not in federal level elections I think there is an EU policy that says that people can be eligible to vote in municipal elect in other EU country, if they become residents of that country and it also gives them the right to live there. In general, yes. They would need to be registered to vote in that locality, though. It’s not like you can be on holiday somewhere and just show up to vote. Depends on the country. Local elections are subject to national legislation, afaik it's only in elections to the European Parliament where theres central rules. In Denmark you can vote in local elections as  a citizen of a EU country or after four years of legal residency. In elections to the national Parliament you have to be a Danish citizen and live in Denmark. In Denmark all EU citizens immediately can vote in local elections once they have officially changed their address to a Danish one. Samsø municipality even had/has(don’t know if he is still) a Dutch mayor. Those rules also apply to Norwegians and Icelanders.

For non-EU citizens they have to have lived legally in Denmark for 4 years before they can vote in Danish local elections. Any citizen of any EU country has the right to vote and get elected in LOCAL elections in any EU country. Theoretically, you could become mayor of any EU city... from the smallest village in Bulgaria, all the way to Paris or Berlin.


It goes without saying that they need to be permanent residents in that city and country and registered in the electoral list as voters. You can't just show up in any country and vote. If Paris has local elections and you happen to be visiting the Eiffel Tower on election day you can't, obviously, vote.


Some countries extend that right to regional elections.


You can also vote for the European parliament but then you have to choose the country you vote for. If, let's say you're a Latvian living in Madrid, you have to decide whether you vote for the Latvian or the Spanish MEPs. You are free to choose either but not both at the same time. If I remember correctly British Residents can vote in Irish Elections.

Not sure if similarly it applies in Portugal for Brazil citizens.",36,tsilvs0,https://www.reddit.com/r/AskEurope/comments/1jqfo1c/can_a_citizen_of_one_eu_country_vote_in_local/,self-post,52,2025-04-03 13:14:14
1jqffea,Language,"How do you pronounce WiFi? For example in Estonian we say smt like ""Viffy"" - i.e we pronounce it according to Estonian.","Do you pronounce it like in English - ""**wai**·fai""? Or do you follow your own languages' rules?","More or less like English, maybe a bit more 'spread out'.... like Waaii Faaii ;-) In France we pronounce it wiffi/weefee :) In Polish something like ""Vee-Fee"". Mostly vifi in Finland, very short vowels. Sometimes veelan. Long e there. Why complicate things? We just say Þráðlaust net. ; ) We usually call it WLAN [ˈveːlaːn], but when we use the term WiFi, it is the English pronunciation. Wi-Fi, just like in english. We pronounce it the English way - ""wai fai"". 'Why-Fye'

(Both syllables rhyme with 'high' / 'hi') Same here in Hungary, it's pronounced ""vifi"". (Although I've met some pretentious folks who use the English pronunciation.) in finland we pronounce it ""wifi"" Like in English, but with a much stronger starting consonant (gamma). Γουάι φάι. In Spain it’s weefee, we can’t pronounce English words here lol. We also say espeedermahn, eskype, YouTuhbeh. Depends on your level of English though. Like  Weefee. Or we just say ‘draadloos internet’.

Some people may use waifai, but i barely meet those Why Fái English pronunciation sometimes with a more german W sound. But in everyday conversation the term WiFi isn't used much. People usually say W-lan with a german pronunciation. As in english, but some also pronounce it as weefee or veefee. It's an abbreviation of english words...so English pronunciation. People from the neck of the woods do say it the other way though. Same as you guys. I think that while generally speaking our languages aren't as close as many might think, the accents does have lots of similarities. This is according to my very limited research though. In Polish, we pronounce it as if it was already written in Polish (as we have the \[w\] letter for the /v/ sound (it's /f/ near voiceless consonant or at the end of word)) so:

>*wi-fi* /vi.fi/ (vee-fee), *wombat*, *Zimbabwe, Wuhan, kiwi* (both fruit and bird), *wrap*, *Wikipedia, www* /vu.vu.vu/ (vooh...) etc

The \[w\] is not pronounced as such, when it looks foreign - then it's pronounced as /w/ (like our \[ł\] letter or the end part of our \[ou\], \[au\], \[eu\]), e.g.

>*w****ee****kend* /wi.kɛnt/, ***wh****is****ky*** /wis.ki/, ***sh****ow* /ʂɔw/, *snowb****oa****rd* /snɔw.bɔɾt/

And with some words we didn't bother with full polonization e.g.

>***w****estern* /**w**ɛs.tɛɾn/, ***wa****terpolista* /**wɔ**.tɛɾ.pɔ.lis.ta/, *biznes****wo****m****a****n* /biz.nɛs.**wu**.m**ɛ**n/

Oh, we have fixed stress on the penultimate syllable (second from the end) and all vowels are short. ""vifi"" or familiar ""vifina"" (written still as wifi or wi-fi and wifina) in Slovak. ""Vay-Fay"" and ""Viffy"", ""Wifina"" \[Viffy-nah\]. Czechs do it like Estonians - sound like ""viffy"", but some also say English ""Wai Fai"" and a lot of people also say what sounds like ""viffyna"" (na sounding like in baNAna), which is adding a -na that makes it female, and it feels like, neutral to slightly negative sounding full name for it while genderizing it (but Czechs don't really feel like the gender is that important, we just naturally gender a lot of items and things, that's how our language rolls) Same here, vy-fi Why-fie (UK) Vifajus or if you read that with the English phonetical pronunciation vifayus English way, sometimes I use ui-fi (the Italian pronunciation) just for laughs Generally we call it wifi same as English. But in Dutch it'd be wee-fee. Vaifai :) vifi sounds so funny :) WiFi, with the pronunciation lifted straight from English In Latvian it’s colloquially “vaifajs” (prounounced WHY-fyes) though the prescribed official pronunciation is vai-fai Wai-fai or wy-fy. In Catalan I say /wifi/ some say ""wifey"" the same as in English, except if you are old an uneducated then you might pronounce it as vifi In poland it's viffy. I like to say waifai juzt to sound extravagant Thing-a-ma-jig.  Well, that's how my step dad pronounces it.

For me it's 'why-fhy'. Vifi in Czech Technically (and it pisses off the guys who invented it that most don't) it's called Wi-Fi not WiFi

Thats why fye - wai fai is more towards way fay - in English  In Norway either Veefee or vai-fai Same as you: vifi Something like Why-Fai (fa as in fan and i as in income) It's ""uayfay"" in Bulgarian.

Foreign words are always spelled phonetically (as much as possible) in Bulgarian, even when the original language uses the Cyrillic script too.

And a phonetic note - I wrote ""uayfay"" (уайфай) but this ""u"" in modern Bulgarian tends to pronounced close to ""w"" - even in words that are native, not just foreign words, and by people that don't know English. It's a current development in the language. We should really get a letter for ""w"". eesti mainitud In Norway they mostly say WhyFee. Which is wrong. 

“… an abbreviation for “wireless fidelity”; the name was created by a marketing firm hired by WECA and chosen for its pleasing sound and similarity to “hi-fi” …”

https://www.britannica.com/technology/Wi-Fi#:~:text=(Wi%2DFi%20is%20not%20an,%5Bhigh%2Dfidelity%5D. At first I read ""WiFi"" as ""WTF"", and was SO confused at the given pronunciations lmfao in my native language: ""weefee"". In english: ""waifai"" Reminds me of the idiots that say 'low feeeee' for lo-fi music. In Italy is Y-FY I've heard both viffy and vaifai in Sweden I pronounce it the Indonesian way (we-fee), which garners me some looks, because I'm English and live in the US. In Spain it'll be something along weefee :) In Sweden you can hear vai fai, wee fee, and the english pronunciation. Older folks tend to say wee fee. I mostly use Dutch pronunciation, which would also sound a bit like wveefee. ""We fee"" ""wee fee"" Weefee in french In Portugal we pronouce it on English. Its not common to ""translate"" foreign language nouns (iguess they are nouns) like McDonald's, WiFi, burguer... as in english, due the fact that in italian sound ridicouls, wireless fidelity. ""Why fee"" It sounds why fay Uai fai. I Spain it would be something like ""weefee"". Italian notoriously butchers most English words with italianized pronunciation, Wi-Fi is an exception, we use the English pronunciation! Normally Vai Fai, but also jokingly Ueeffee wye fye in Scotland 🏴󠁧󠁢󠁳󠁣󠁴󠁿 just like in English, Vaifai In Slovak we pronounce it viffy too. Both vowel sounds are short and the first w is pronounced as a v.

We also often say wifina (pronounced viffyna) to make Slovak declension possible. In France we mostly say wee-fee!

Other questions, for languages with genders, what gender do you use?

Again in France it's not neutral or just a word, we have to use something, it's mostly masculine, but you'll hear some people using the feminine. I've heard both Wai-fai, and wee-fee. I'd say Wai-fai is A LOT more common, and wee-fee is reserved for when trying to sound funny or cute. (Flanders) We pronounce it like ""we-fee"", but the I sounds are usually very short. vifi

or just netti We call it WLAN

Vee-lahn Why fy In Romania it's usually WaiFai, but sometimes WeeFee How do you say Hi-Fi? Wifey! 😂 Mostly it’s ”wifi” or ”vifi” as a Finn would pronounce. Deffo not waifai, it’s wifi. Some say fifi which drives me crazy lol Ukraine. Wai-fai, but my grandma used to say viffy before we asked her why In Germany we pronounce it like in English but we rather say ""WLAN"" (Ve-Lahn) as in Wireless Local Are Network. I think you’re supposed to say we-fee in Sweden but I say why-fi I have always pronounced it Why-Fee (cutting off the sound).  It is meant as a spin on Hi-Fi that comes from High-Fidelity.  I always say High-Fee (how fidelity is pronounced).  I actually dislike people saying Why-Fy as it ignores its origin. As it's written,. Just in Polish we read w like v in English and i is just i, not like in English where it's ay. Wi/wai-fi?? Ig?? I just say internet or wlan (also wifi i think??) I know in Germany they say Veh-Lan (WLAN) Güifi 😂 (pronounced guh-ee-fee) In Danish, we either say it like in English, ""Wai-Fai"" or as ""Vai-Fai"". 

W only exists in loanwords. And even when we spell those words with w, there is a strong tendency for w to be pronocuned v. 

Common words where this is done are, e.g., weekend, WC, wok, watt, whiskey, wienerbrød. Like the english (Sweden). Wifey, wich our English speaking friends find hilarious when we ask for the password for your Wifey Spanish -> Wee-Fee (W pronounced as in English) In french we say it similarly to how it is in Estonian, ""Wee-fee"" Some of us pronounce it like vII FAe. As a finn I've always said it as wlan. Wifi. Like weefee Why fye. There’s only one pronunciation. it can be pronounced VEE-fee or vee-FEE in Slovene, with the second one actually commoner, I think? Why fy Same thing as you, I suppose Wifi.

In Finnish all words are pronounced like they are written. Wife five The same way my wife looks at me when she’s pissed with me,… wife eye! Depends on the person but it’s either the english pronunciation or “wee-fee”, the latter being most likely among older folk. Why  f eye Vee fee In Greece we say why f(-)eye. Why fight Wiffi, because... You know, the w is a w and not a v. We have the letter v for v sounds. French here:

Oui Fee Easy, it's pronounced Wifi In finland its ""vifi"" Same in Poland Wai fai Vaifajus...we Lithuanians have to add that '-s', because everyone knows that internet is a man We don’t use wifi

We call it wlan (ve-laan) in Italy we say Wi-Fi normally, but some idiots pronounce it WEEFEE Vee-lan (WLAN) in Germany Exactly like English in Dutch, but i have known people who use wii-fie. the English way. some Dutch people love calling it ""wii-fii"" but that's the dumbest stupidest way of calling it.",180,Double-decker_trams,https://www.reddit.com/r/AskEurope/comments/1jqffea/how_do_you_pronounce_wifi_for_example_in_estonian/,self-post,418,2025-04-03 13:00:56
1jq8sqy,Meta,Daily Slow Chat,"Hi there!

Welcome to our daily scheduled post, the **Daily Slow Chat.**

If you want to just chat about your day, if you have questions for the moderators *(please mark these \[Mod\] so we can find them)*, or if you just want talk about oatmeal then this is the thread for you!

Enjoying the small talk? We have a Discord server too! We'd love to have more of you over there. Do both of us a favour [and use this link to join the fun](https://discord.gg/BTX7cK3R4k).

The mod-team wishes you a nice day!","Two days ago we were reached by the incredibly sad and devastating news that the wolf pack on the Linderödsåsen ridge is now entirely gone. And today, a wolf scientist from the Swedish University of Agricultural Sciences (SLU) confirms that it is likely that the wolves have been killed by poachers. It's just so horrible. 

The wolves on Linderödsåsen were one of only three existing wolf packs in Scania and made up a significant part of the population. It's a devastating blow to the wolf population here, and thus to the regional ecosystem and biodiversity as a whole. It would just be horrible if we again were to completely lose the wolf from our local fauna after having finally just regained it. The wolf was completely gone from Scania for well over a hundred years before it finally re-established itself about a decade ago. 

Now the only remaining packs are those around the ridges of Söderåsen and Nävlingeåsen - I so much hope that those will survive at least - and that hopefully new wolves can move in from further north in Sweden as well, since our tiny remaining Scanian population is in desperate need of new genes to prevent inbreeding. 

In other, happier animal related news - a stork that had decided to nest on top of a railway pylon along a busy railway route in northeastern Scania has now been given a new nest on newly built platforms at a nearby farm instead, thanks to the Swedish Transport Administration. The nest by the railway was a great danger to both train traffic and to the stork itself, so hopefully it will like this new and safer nesting spot better. The stork is classified as an endangered species, and is of course very beloved to the local people. It is also a bit of a symbol of Scania, as this is the only region of Sweden where it lives. So this was an incredibly good and kind gesture by the Transport Administration. [deleted] Youtube/Google has gotten extremely aggressive with AdBlockers.

The whole site is unbearable with ads. Oof, my stock portfolio isn't looking good today... And I'm not even invested in any major US companies. It's really hard to believe the top 1% richest Americans are happily watching what Donald is doing to the markets, it's becoming pretty ugly.",2,AutoModerator,https://www.reddit.com/r/AskEurope/comments/1jq8sqy/daily_slow_chat/,self-post,7,2025-04-03 06:01:32
